jeremiah_morris85@office.mobi,  Jeremiah Morris,2019
jonathan_russell23@website.ae,  Jonathan Russell,2001
colton_lowe21@wiki.be,  Colton Lowe,2017
eleanor_jenkins46@site.info,  Eleanor Jenkins,2008
mia_peterson70@corporation.jobs, Mia Peterson,2010
dylan_diaz90@agency.cn, Dylan Diaz,2022
logan_thomas72@project.ca, Logan Thomas,2016
sophia_martinez64@resource.uk, Sophia Martinez,2000
alyssa_soto29@dev.es, Alyssa Soto,2005
olivia_brown2@technology.aero, Olivia Brown,2009
isabel_snyder39@webpage.biz, Isabel Snyder,2013
isabel_thompson26@directory.au, Isabel Thompson,2001
emma_jones19@system.sa, Emma Jones,2006
mia_peterson70@corporation.jobs, Mia Peterson,2010
dylan_diaz90@agency.cn, Dylan Diaz,2022
logan_thomas72@project.ca, Logan Thomas,2016
sophia_martinez64@resource.uk, Sophia Martinez,2000
alyssa_soto29@dev.es, Alyssa Soto,2005
olivia_brown2@technology.aero, Olivia Brown,2009
isabel_snyder39@webpage.biz, Isabel Snyder,2013
isabel_thompson26@directory.au, Isabel Thompson,2001
emma_jones19@system.sa, Emma Jones,2006
